key,count,japanese
kancolle,425,艦隊これくしょん
fate,391,Fate
azur_lane,344,アズールレーン
blue_archive,280,ブルーアーカイブ
arknights,276,アークナイツ
pokemon,205,ポケモン
fire_emblem,171,ファイアーエムブレム
genshin_impact,155,原神
girls'_frontline,150,少女前線
umamusume,148,ウマ娘
series,134,シリーズ
kemono_friends,109,けものフレンズ
1st_costume,93,初期衣装
granblue_fantasy,88,グランブルーファンタジー
nikke,74,NIKKE
honkai:_star_rail,68,崩壊：スターレイル
league_of_legends,52,リーグ・オブ・レジェンド
meme,50,ネタ
girls_und_panzer,46,ガールズ&パンツァー
princess_connect!,45,プリンセスコネクト！
touhou,42,東方
vocaloid,42,ボーカロイド
idolmaster,39,アイドルマスター
pgr,37,パルミラグレイ
style,36,スタイル
swimsuit,35,水着
reverse:1999,33,Reverse:1999
cookie,32,クッキー
splatoon,31,スプラトゥーン
project_moon,27,プロジェクトムーン
xenoblade,26,ゼノブレイド
honkai_impact,26,崩壊3rd
mega_man,26,ロックマン
senran_kagura,26,閃乱カグラ
chainsaw_man,25,チェンソーマン
new_year,25,正月
vtuber,24,VTuber
swimsuit_mode,22,水着モード
female,21,女性
one_piece,21,ワンピース
wuthering_waves,20,鳴潮
character,20,キャラクター
object,18,オブジェクト
overwatch,18,オーバーウォッチ
casual,18,カジュアル
flower,17,花
final_fantasy,17,ファイナルファンタジー
sousou_no_frieren,16,葬送のフリーレン
queen's_blade,16,クイーンズブレイド
sao,15,ソードアート・オンライン
food,15,食べ物
skullgirls,15,スカルガールズ
ragnarok_online,15,ラグナロクオンライン
constellation,15,星座
dragon_ball,14,ドラゴンボール
hetalia,14,ヘタリア
male,13,男性
hololive,13,ホロライブ
zenless_zone_zero,13,ゼンレスゾーンゼロ
neptunia,13,ネプテューヌ
street_fighter,13,ストリートファイター
warship_girls_r,13,戦艦少女R
tales,13,テイルズ
last_origin,13,ラストオリジン
apex_legends,12,Apex Legends
game,12,ゲーム
yu-gi-oh!,12,遊戯王
weapon,11,武器
guilty_gear,11,ギルティギア
zelda,11,ゼルダの伝説
helltaker,11,ヘルテイカー
naruto,11,ナルト
anime,10,アニメ
project_sekai,10,プロジェクトセカイ
nijisanji,10,にじさんじ
ff14,9,ファイナルファンタジーXIV
dress,9,ドレス
omori,9,OMORI
hololive_summer_2019,9,ホロライブサマー2019
project_voltage,9,プロジェクトボルテージ
monster_girl_encyclopedia,9,モンスター娘のいる日常
p&d,9,パズル&ドラゴンズ
girls'_frontline_2,9,少女前線2
re:zero,8,Re:ゼロから始める異世界生活
konosuba,8,この素晴らしい世界に祝福を!
manga,8,漫画
persona,8,ペルソナ
swimsuit_archer,8,水着アーチャー
umineko,8,うみねこのなく頃に
disney,8,ディズニー
school_uniform,8,学生服
elsword,8,エルソード
boku_no_hero_academia,8,僕のヒーローアカデミア
path_to_nowhere,8,パス・トゥ・ノーウェア
sekaiju,8,世界樹
psg,7,パズル&ドラゴンズ ストレンジ ゴールド
darling_in_the_franxx,7,ダーリング・イン・ザ・フランキス
swimsuit_lancer,7,水着ランサー
company,7,企業
disgaea,7,魔界戦記ディスガイア
maid,7,メイド
kof,7,ザ・キング・オブ・ファイターズ
nanoha,7,魔法少女リリカルなのは
kingdom_hearts,7,キングダム ハーツ
shingeki_no_bahamut,7,神撃のバハムート
tf2,7,チーム フォートレス 2
2nd_costume,7,2番目衣装
animal,6,動物
bunny,6,ウサギ
swimsuit_berserker,6,水着バーサーカー
jojo,6,ジョジョの奇妙な冒険
elden_ring,6,エルデンリング
mario,6,マリオ
made_in_abyss,6,メイドインアビス
tsukihime,6,月姫
emblem,6,ファイアーエムブレム
jujutsu_kaisen,6,呪術廻戦
animal_crossing,6,あつまれ どうぶつの森
dq5,6,ドラゴンクエストV
swimsuit_rider,6,水着ライダー
clothing,6,衣装
nekopara,6,ネコぱら
dq3,6,ドラゴンクエストIII
aoki_hagane_no_arpeggio,6,蒼き鋼のアルペジオ
kirby,6,カービィ
chrono_trigger,6,クロノ・トリガー
precure,6,プリキュア
shape,5,形状
nier:automata,5,ニーア オートマタ
pc-98,5,PC-98
fruit,5,果物
planet,5,惑星
alice_in_wonderland,5,不思議の国のアリス
doki_doki_literature_club,5,ダキダキ文芸部
maidragon,5,小林さんちのメイドラゴン
dungeon_meshi,5,ダンジョン飯
madoka_magica,5,魔法少女まどか☆マギカ
armor,5,鎧
pattern,5,パターン
doa,5,デッドオアアライブ
band,5,バンド
dc,5,DC
hidamari_sketch,5,ひだまりスケッチ
monster_musume,5,モンスター娘のいる日常
persona_5,5,ペルソナ5
swimsuit_saber,5,水着セイバー
dq4,5,ドラゴンクエストIV
x-men,5,X-MEN
marvel,5,マーベル
street,5,街
4th_costume,5,4番目衣装
young,5,若い
show_by_rock!!,5,SHOW BY ROCK!!
loungewear,5,ルームウェア
dq11,5,ドラゴンクエストXI
sailor_moon,5,美少女戦士セーラームーン
housamo,5,ハウスオブザサンオー
cevio,5,CeVIO
mobile_suit,5,モビルスーツ
closers,5,クローザーズ
dungeon_and_fighter,5,ダンジョン&ファイター
sinoalice,5,シノアリス
neural_cloud,5,ニューラルクラウド
jashin-chan_dropkick,5,邪神ちゃんドロップキック
symbol,4,シンボル
creature,4,クリーチャー
medium,4,中サイズ
spy_x_family,4,SPY×FAMILY
track,4,トラック
lancer,4,ランサー
swimsuit_mooncancer,4,水着ムーンキャンサー
summer,4,夏
swimsuit_ruler,4,水着ルーラー
one-punch_man,4,ワンパンマン
undertale,4,アンダーテール
devil_may_cry,4,デビル メイ クライ
clothes,4,衣装
kamitsubaki_studio,4,神椿スタジオ
sonic,4,ソニック
the_amazing_digital_circus,4,アメイジング・デジタル・サーカス
berserk,4,ベルセルク
douki-chan,4,同期ちゃん
evangelion,4,エヴァンゲリオン
caster,4,キャスター
shirakami_fubuki,4,白上フブキ
hot_spring,4,温泉
phrase,4,フレーズ
goblin_slayer!,4,ゴブリンスレイヤー
old_design,4,旧デザイン
pso2,4,PSO2
princess_principal,4,プリンセス・プリンシパル
angel_beats!,4,Angel Beats!
dorohedoro,4,ドロヘドロ
houseki_no_kuni,4,宝石の国
lawson,4,ローソン
alien_stage,4,ALIEN STAGE
brand,4,ブランド
under_night_in-birth,4,アンダーナイト インヴァース
nikki,4,ニッキ
nu_carnival,4,ヌ・カーニバル
kimetsu_no_yaiba,4,鬼滅の刃
shashaki,4,シャシャキ
amaburi,4,アマブリ
vocaloid3,4,ボーカロイド3
kuzuyu,4,クズユ
fate/apocrypha,3,Fate/Apocrypha
rider,3,ライダー
machikado_mazoku,3,町内会転生
swimsuit_caster,3,水着キャスター
cheer_squad,3,チアスクワッド
jirai_kei,3,地雷系
shiromanta,3,白マンタ
third_ascension,3,第3段階
swimsuit_assassin,3,水着アサシン
toaru_majutsu_no_index,3,とある魔術の禁書目録
dragon's_crown,3,ドラゴンズクラウン
shoujo_shuumatsu_ryokou,3,少女終末旅行
container,3,コンテナ
ttgl,3,天元突破グレンラガン
black_lagoon,3,ブラック・ラグーン
baldur's_gate,3,バルダーズ・ゲート
visual_novel,3,ビジュアルノベル
retrofit,3,改造
hataraku_saibou,3,はたらく細胞
tekken,3,鉄拳
swimsuit_avenger,3,水着アヴェンジャー
ff10,3,ファイナルファンタジーX
nyaruko-san,3,這いよれ!ニャル子さん
ib,3,イヴ
mother_2,3,MOTHER2
2022,3,2022年
megami_tensei,3,女神転生
sword,3,剣
odin_sphere,3,オーディンスフィア
azumanga_daioh,3,あずまんが大王
ppg,3,パワーパフガールズ
touken_ranbu,3,刀剣乱舞
5th_costume,3,第5衣装
transformers,3,トランスフォーマー
live_action,3,実写
hazbin_hotel,3,ハズビン・ホテル
puyopuyo,3,ぷよぷよ
bang_dream!,3,バンドリ!
minecraft,3,マインクラフト
tokyo,3,東京
inuyasha,3,犬夜叉
shadowverse,3,シャドウバース
2019,3,2019年
niliu_chahui,3,ニリウ・チャフイ
tank,3,タンク
valorant,3,ヴァロラント
3rd_costume,3,第3衣装
yu_yu_hakusho,3,幽遊白書
unicorn_overlord,3,ユニコーンオーバーロード
suisei_no_gargantia,3,翠星のガルガンティア
utau,3,UTAU
love_live!,3,ラブライブ!
alchemy_stars,3,アルケミスターズ
takunomi,3,酒のつまみになる話
to_heart,3,To Heart
celestial_hymn,3,天体讃歌
battle_storm,3,戦闘嵐
zhu_xian,3,誅仙
shimmering_dew,3,きらめく露
lantern_rite,3,灯火祭
fate/extra,2,Fate/EXTRA
ruler,2,ルーラー
koha-ace,2,コハエース
usada_pekora,2,兎田ぺこら
not,2,ノット
fate/stay_night,2,Fate/stay night
headdress,2,ヘッドドレス
gemstone,2,宝石
gochiusa,2,ご注文はうさぎですか?
hardware,2,ハードウェア
darkstalkers,2,ヴァンパイアシリーズ
instrument,2,楽器
classic,2,クラシック
lancer_alter,2,ランサー・オルタ
sex,2,セックス
kill_la_kill,2,キルラキル
cyberpunk,2,サイバーパンク
remake,2,リメイク
needy_girl_overdose,2,ニーディー・ガール・オーバードーズ
small,2,小さい
dandadan,2,ダンダダン
ranma_1/2,2,らんま1/2
bird,2,鳥
computing,2,コンピューティング
jewelry,2,ジュエリー
fate/prototype,2,Fate/Prototype
streetwear,2,ストリートウェア
frozen,2,凍結
among_us,2,アマング・アス
memories_at_trifas,2,トリファスの思い出
swimsuit_pretender,2,水着プリテンダー
work,2,仕事
nier,2,ニーア
kino_no_tabi,2,キノの旅
smile_precure!,2,スマイルプリキュア!
samurai_spirits,2,サムライスピリッツ
organ,2,オルガン
majo_no_takkyuubin,2,魔女の宅急便
polar_chaldea_uniform,2,極地カルデア制服
persona_4,2,ペルソナ4
saber,2,セイバー
shingeki_no_kyojin,2,進撃の巨人
append,2,アペンド
gintama,2,銀魂
gothic_lolita,2,ゴシックロリータ
kusuriya_no_hitorigoto,2,薬屋のひとりごと
modern_warfare_2,2,モダン・ウォーフェア2
girls_band_cry,2,ガールズバンドクライ
sewayaki_kitsune_no_senko-san,2,世話焼き狐の仙狐さん
warioware,2,ワリオウェア
dipp,2,ディップ
gravity_daze,2,グラビティデイズ
tawawa,2,たわわ
no_game_no_life,2,ノーゲーム・ノーライフ
decisive_battle_chaldea_uniform,2,決戦カルデア制服
kuromiya,2,黒宮
black_rock_shooter,2,ブラック★ロックシューター
deltarune,2,デルタルーン
street_casual,2,ストリートカジュアル
arms,2,アームズ
m.m,2,M.M
first_ascension,2,初期段階
halloween_caster,2,ハロウィンキャスター
fate/zero,2,Fate/zero
eureka_seven,2,交響詩篇エウレカセブン
mon-musu_quest!,2,モンスター娘クエスト
vocaloid4,2,ボーカロイド4
future,2,未来
zombie_land_saga,2,ゾンビランドサガ
nurse,2,ナース
hades,2,ハデス
battleship,2,戦艦
mod3,2,MOD3
gundam,2,ガンダム
human,2,人間
rariatto,2,ラリアット
warcraft,2,ウォークラフト
metal_gear,2,メタルギア
shinrabanshou,2,真理眼
mythology,2,神話
idw,2,IDW
shiranui_flare,2,白銀フレア
lily,2,リリィ
shadows_house,2,シャドーハウス
comic,2,コミック
yes!_precure_5,2,Yes!プリキュア5
2016_swimsuit_mode,2,2016年水着モード
suite_precure,2,スイートプリキュア♪
fire_emblem_fates,2,ファイアーエムブレムif
kagerou_project,2,カゲロウプロジェクト
chihuri,2,チフリ
dirty_pair,2,ダーティペア
1st_series,2,第1シリーズ
heaven_burns_red,2,ヘブンバーンズレッド
sora_no_otoshimono,2,そらのおとしもの
kutan,2,クータン
selen_tatsuki,2,セレン・タツキ
blazblue,2,ブレイブルー
grandia,2,グランディア
ar_tonelico,2,アルトネリコ
surio,2,スーリオ
dirndl,2,ディアンドル
christmas,2,クリスマス
elf-san_wa_yaserarenai.,2,エルフさんは痩せられない。
soul_eater,2,ソウルイーター
ac8231,2,AC8231
2017,2,2017年
yukata_mode,2,浴衣モード
zero_no_tsukaima,2,ゼロの使い魔
gunvolt,2,ガンヴォルト
mechanical_buddy_universe,2,メカニカルバディユニバース
shin,2,シン
racehorse,2,競走馬
haibane,2,ハイバネ
halloween_mode,2,ハロウィンモード
tokyo_ghoul,2,東京喰種
assassin,2,アサシン
gundam_build_divers,2,ガンダムビルドダイバーズ
control,2,コントロール
2014,2,2014年
ice_climber,2,アイスクライマー
party_dress,2,パーティードレス
yakusoku_no_neverland,2,約束のネバーランド
kunio-kun,2,くにおくん
castlevania,2,キャッスルヴァニア
2021,2,2021年
tensei_shitara_slime_datta_ken,2,転生したらスライムだった件
playing_card,2,トランプ
tropical_summer,2,トロピカルサマー
star_wars,2,スター・ウォーズ
jintai,2,人体
dog,2,犬
aa_megami-sama,2,ああっ女神さまっ
bleach,2,ブリーチ
shadow_of_the_colossus,2,ワンダと巨像
mahoiku,2,魔法育成
2018,2,2018年
dance,2,ダンス
muse,2,ミューズ
dream_c_club,2,ドリームC倶楽部
kmnz,2,KMNZ
2013,2,2013年
qipao,2,チャイナドレス
7th_dragon,2,セブンスドラゴン
kunoichi_tsubaki_no_mune_no_uchi,2,くノ一椿の胸の内
summer_street,2,サマーストリート
summer_2021,2,2021年夏
movie,2,映画
santa,2,サンタ
banjo-kazooie,2,バンジョーとカズーイの大冒険
sygna_suit,2,シンオウスーツ
claymore,2,クレイモア
douluo_dalu,2,斗羅大陸
kage_no_jitsuryokusha_ni_naritakute!,2,陰の実力者になりたくて!
real,2,リアル
octopath_traveler,2,オクトパストラベラー
bankai,2,卍解
mage's_association_uniform,2,魔術協会制服
epic_seven,2,エピックセブン
cat,2,猫
diva,2,ディーヴァ
sky,1,空
mtf,1,MTF
ghost,1,幽霊
basic,1,基本
projectile,1,飛び道具
avenger,1,アヴェンジャー
ftm,1,FTM
substance,1,物質
texture,1,テクスチャ
theme,1,テーマ
place,1,場所
danmachi,1,ダンまち
preservation,1,保存
classic_anime,1,懐かしアニメ
relationship,1,関係性
hair,1,髪
maruyama,1,丸山
dangerous_beast,1,危険生物
cup,1,カップ
persona_3,1,ペルソナ3
miss_pink_elf,1,ミスピンクエルフ
sv,1,SV
herrscher_of_human:_ego,1,理の律者
nonsexual,1,非性的
season,1,季節
doll,1,人形
music,1,音楽
tokoyami_towa,1,常闇トワ
full,1,フル
bride,1,花嫁
sailor,1,セーラー
alter_swimsuit_rider,1,オルタースイムスーツライダー
fate/extra_ccc,1,Fate/EXTRA CCC
symphogear,1,シンフォギア
swimsuit_foreigner,1,水着フォーリナー
naga_u,1,ナガU
scorching-hot_training,1,灼熱修行
ver._shinjuku_1999,1,Ver.新宿1999
herrscher_of_sentience,1,知識の律者
machine,1,機械
statue,1,像
grimm,1,グリム
mega_man_zx,1,ロックマンZX
cardcaptor_sakura,1,カードキャプターさくら
silverwing:_n-ex,1,シルバーウイング:N-EX
majo_no_tabitabi,1,魔女の旅々
limbus_company,1,リンバスカンパニー
overlord,1,オーバーロード
utaite,1,歌い手
torotei,1,トロテイ
herrscher_of_thunder,1,雷電の律者
imbibitor_lunae,1,月淵浸潤者
mushoku_tensei,1,無職転生
sailor_paladin,1,セーラーパラディン
oversized_shirt,1,オーバーサイズシャツ
idolmaster_cinderella_girls_anime,1,アイドルマスター シンデレラガールズ
trick_or_treatment,1,トリック・オア・トリートメント
unfading_smile,1,褪せぬ笑顔
ff11,1,ファイナルファンタジーXI
hyouka,1,氷菓
herrscher_of_finality,1,終焉の律者
kari,1,狩り
opulent_splendor,1,豪華絢爛
city,1,都市
ado,1,Ado
kouri,1,香里
piercing_bunny,1,ピアシングバニー
gegege_no_kitarou_6,1,ゲゲゲの鬼太郎 第6期
enraptured_companion,1,魅了の相棒
kill_me_baby,1,キルミーベイベー
kantai_collection,1,艦隊これくしょん
listless_lapin,1,無気力ラパン
azure_horizons,1,蒼き地平線
springbloom_missive,1,春咲き便り
stunning_speedster,1,華麗なる高速走者
ff4,1,ファイナルファンタジーIV
dragon_quest,1,ドラゴンクエスト
tool,1,道具
luxurious_wheels,1,豪華な車輪
brave,1,勇敢
lyomsnpmp,1,リョムスンプンプ
herrscher_of_flamescion,1,炎の律者
bright,1,明るい
minato_aqua,1,湊あくあ
shoal_beat,1,浅瀬ビート
kabaneri,1,甲鉄城のカバネリ
poolside_coincidence,1,プール際の偶然
helmet,1,ヘルメット
darker_than_black,1,darker than BLACK
film,1,映画
machimazo,1,町内マゾ
swimsuit_of_perpetual_summer,1,常夏の水着
kid_icarus,1,光神話 パルテナの鏡
shishiro_botan,1,獅白ぼたん
pokemon_go,1,Pokémon GO
kabukimono,1,カブキモノ
maoyuu,1,魔王勇者
scorching-hot_seirios,1,灼熱セイリオス
run&win,1,ラン&ウィン
blue_archive_the_animation,1,ブルーアーカイブ The Animation
touhou_bougetsushou,1,東方紅月抄
saya_no_uta,1,サヤノウタ
danganronpa,1,ダンガンロンパ
sparkling_summer,1,きらめく夏
capcom,1,カプコン
hunt,1,狩猟
gyakushinn_miko,1,逆神巫女
kannagi,1,カンナギ
herrscher_of_the_void,1,空の律者
chess,1,チェス
z,1,Z
nige_jouzu_no_wakagimi,1,逃げ上手の若君
white_comet,1,白き彗星
robot,1,ロボット
glowstick,1,グロースティック
bombergirl,1,ボンバーガール
irys_2.0,1,IRyS 2.0
massive_melee,1,大規模格闘
nottytiffy,1,ノッティティフィ
summer_march,1,夏行進曲
hot_springs_relaxation,1,温泉くつろぎ
button-down,1,ボタンダウン
otokuyou,1,男用
bow,1,弓
signalis,1,シグナリス
raora_panthera,1,ラオラ・パンテラ
structure,1,構造物
irys_1.0,1,IRyS 1.0
summertime_sparkle,1,夏時間きらめき
maou_avenger,1,魔王アベンジャー
high_school_dxd,1,ハイスクールD×D
luna_kindred,1,ルナ・キンドレッド
yofukashi_no_uta,1,夜ふかしのうた
final_fight,1,ファイナルファイト
nekomata_okayu,1,猫又おかゆ
wataten,1,私に天使が舞い降りた!
olympian_bloomers,1,オリンピアンブルマ
fate/grand_order,1,Fate/Grand Order
stellar_blade,1,Stellar Blade
octopus,1,タコ
amor_caren,1,アモル・カレン
cycling,1,サイクリング
original,1,オリジナル
herrscher_of_rebirth,1,理の律者
summer_2020,1,2020年夏
summer_flowers,1,夏の花
shino_to_ren,1,篠とレン
mononoke_hime,1,もののけ姫
make_up_vampire!,1,メイクアップヴァンパイア!
stygian_nymph,1,スティギアンニンフ
alicesoft,1,アリスソフト
businesswoman,1,ビジネスウーマン
momosuzu_nene,1,桃鈴ねね
drag-on_dragoon,1,ドラッグ オン ドラグーン
archer,1,アーチャー
newsboy,1,新聞売り
smg,1,サブマシンガン
projektmelody,1,プロジェクトメロディ
royal_icing,1,ロイヤルアイシング
beach_rhapsody,1,ビーチラプソディ
twilight_blossom,1,トワイライトブロッサム
smtv,1,スマイルプリキュア!
kimono,1,着物
the_lady_of_the_beach,1,浜辺の貴婦人
nichijou,1,日常
shakugan_no_shana,1,灼眼のシャナ
mabinogi,1,マビノギ
goushinnso_memento,1,豪神装メメント
incoming_mail,1,受信メール
dragon_ball_super,1,ドラゴンボール超
shopping_with_the_head_maid,1,侍女長とのお買い物
guide,1,ガイド
eiyuu_densetsu,1,英雄伝説
breeze_of_sabaa,1,サバアの微風
niwarhythm,1,庭リズム
fresh_precure!,1,フレッシュプリキュア!
nt,1,NT
boss,1,ボス
brilliant_summer,1,ブリリアントサマー
yukihana_lamy,1,ユキハナ・ラミィ
blade_&_soul,1,Blade & Soul
akai_haato,1,赤井はあと
lunar_vow:_crimson_love,1,月の誓い:深紅の愛
senren,1,千恋*万花
lycoris_recoil,1,リコリス・リコイル
western,1,西部劇
dorei_to_no_seikatsu,1,奴隷との生活
kung_fu_cruiser,1,カンフークルーザー
xblaze,1,XBlaze
hy_plus,1,HY+
spring_casual,1,春カジュアル
black_dress,1,黒いドレス
geometry,1,幾何学
ookami,1,狼
aristocrat_kei,1,貴族系
mixed_breed,1,雑種
92m,1,92m
gesture,1,ジェスチャー
2099,1,2099
fever_night,1,フィーバーナイト
sea_breeze_dandelion,1,海風タンポポ
fubukitek,1,不破湖テック
run_revolt_launcher,1,ラン・リボルト・ランチャー
sleepwear,1,寝巻き
shiro_kuma_shake,1,白熊シェイク
exhilarating_steps!,1,爽快ステップ!
hellsing,1,ヘルシング
emerald_float,1,エメラルドフロート
sao-ggo,1,ソードアート・オンライン ガンゲイル・オンライン
herrscher_of_reason,1,知識の律者
lunatic_lab,1,ルナティックラボ
ff12,1,ファイナルファンタジーXII
second_ascension,1,第二段階
nun,1,修道女
matsuri's_day_off,1,松里の休日
seaweed,1,海苔
40hara,1,40原
lighting,1,照明
herrscher_of_truth,1,真理の使者
outgoing_mail,1,発送メール
unfamiliar_duties,1,不慣れな業務
swallowtail_phantasm,1,燕尾の幻想
shizuku,1,しずく
shining_spirit,1,輝く精霊
franchise,1,フランチャイズ
sundress,1,サンドレス
gold,1,金
bowl,1,ボウル
saburouta,1,サブロウタ
fuwamoco,1,ふわもこ
aria,1,アリア
temptation_on_the_sea_breeze,1,潮風の誘惑
game_mechanic,1,ゲームメカニクス
gibagiba,1,ギバギバ
sweet_time_after_school,1,放課後の甘い時間
the_road_to_el_dorado,1,エルドラドへの道
elira_pendora,1,エリラ・ペンドラ
hangry,1,ハングリー
seiken_densetsu_3,1,聖剣伝説3
saru_getchu,1,猿ゲッチュ
tsuchinoko,1,ツチノコ
herrscher_of_origin,1,根源の使者
1ssakawaguchi,1,1佐川口
halo,1,ハロー
the_infernal_temptress,1,地獄の誘惑者
umbrella_girl,1,傘の少女
fallen_angel,1,堕天使
houshou_marine,1,宝鐘マリン
trifle_vacation,1,些細な休暇
tansuke,1,タンスケ
naver,1,ネイバー
dokidoki!_precure,1,ドキドキ!プリキュア
omaru_polka,1,尾丸ポルカ
slime,1,スライム
sakura_miko,1,桜巫女
bubukka,1,ブブッカ
nakiri_ayame,1,鬼鮫綾目
seaside_tactician,1,海辺の戦術家
umbral_rose,1,影のバラ
toy,1,玩具
ripple_fairlady,1,波紋フェアレディ
mahou_shoujo_ni_akogarete,1,魔法少女に憧れて
finish_line_flagbearer,1,ゴール旗の担い手
earth,1,地球
yatterman,1,ヤッターマン
foreigner,1,異邦人
ortenaus,1,オルテナウス
water_princess,1,水の姫君
type-moon,1,TYPE-MOON
mother_3,1,MOTHER3
great_fox's_respite,1,グレートフォックスの休息
final_lap,1,最終ラップ
delirious_duel,1,熱狂の決闘
full_throttle_charmer,1,全力の魅力者
ms._motivationless_maid,1,無気力メイド
oshiro_project,1,お城プロジェクト
tezuka,1,手塚
long-awaited_date,1,待ちに待ったデート
after-school_ace,1,放課後のエース
death_note,1,デスノート
soulcalibur,1,ソウルキャリバー
howl_no_ugoku_shiro,1,ハウルの動く城
fkey,1,Fキー
camp,1,キャンプ
gawr_gura,1,ガウル・グラ
armed,1,武装
hollow_knight,1,ホロウナイト
tenchi_muyou!,1,天地無用!
otonari_no_tenshi-sama,1,お隣の天使様
brother,1,兄弟
tukikagerou,1,月影ろう
hiememiko,1,火炎巫女
summon_night,1,サモンナイト
seaside_daydreams,1,海辺の白日夢
tokino_sora,1,ときのそら
aqua_marine,1,アクアマリン
gundam_build_divers_re:rise,1,ガンダムビルドダイバーズRe:RISE
gegege_no_kitarou_5,1,ゲゲゲの鬼太郎5
tate_no_yuusha_no_nariagari,1,盾の勇者の成り上がり
nanatsu_no_taizai,1,七つの大罪
school_rumble,1,スクールランブル
fire_emblem_heroes,1,ファイアーエムブレムヒーローズ
hairstyle,1,髪型
normal,1,通常
utawarerumono,1,うたわれるもの
shiro_seijo_to_kuro_bokushi,1,白聖女と黒牧師
school_traumerei,1,学園トラウメライ
2016,1,2016年
table,1,テーブル
mawaru,1,回る
ff5,1,ファイナルファンタジーV
void_drifter,1,ボイドドリフター
kemomimi_oukoku_kokuei_housou,1,獣耳王国国営放送
site,1,サイト
girly,1,ガーリー
membership,1,メンバーシップ
virtual_pet,1,バーチャルペット
2011,1,2011年
midsummer_pixie,1,真夏のピクシー
true_sonic_form,1,真のソニック形態
casualrys,1,カジュアリーズ
phoenix's_spring_song,1,フェニックスの春の歌
taishi,1,大使
titanfall_2,1,タイタンフォール2
scarlet_nuit_etoile,1,スカーレット・ニュイ・エトワール
yashiro_sousaku,1,八代創作
wonderland,1,ワンダーランド
fuji_speedway_race_queen_mode,1,富士スピードウェイレースクイーンモード
michihasu,1,ミチハス
tenki_no_ko,1,天気の子
my_little_pony,1,マイリトルポニー
unkind_maid,1,不親切なメイド
kindergarten_uniform,1,幼稚園制服
vividred_operation,1,ビビッドレッド・オペレーション
honzuki_no_gekokujou,1,本好きの下剋上
netflix,1,Netflix
haxxor_bunny,1,ハッカーバニー
moon,1,月
personal_ami,1,個人的なアミ
guard,1,ガード
the_adjudicatrix_and_her_resolve,1,判定者と彼女の決意
stirring_mermaid,1,かき混ぜるマーメイド
competitive,1,競争的
kiman,1,キマン
board_game,1,ボードゲーム
tail,1,尾
prisoner,1,囚人
urara_meirochou,1,うらら迷路帖
starry_cocoon,1,星のコクーン
kaedeko,1,カエデコ
summer_accident?!,1,夏の事故?!
peachy_spring,1,ピーチスプリング
blasting_off_summer_night,1,吹き飛ぶ夏の夜
chrono_cross,1,クロノ・クロス
helluva_boss,1,ヘルヴァ・ボス
kantoku,1,監督
seaside_coincidence,1,海辺の偶然
baffu,1,バッフ
flip_flappers,1,フリップフラッパーズ
yua,1,ユア
princess_tutu,1,プリンセスチュチュ
senpai_killer_outfit,1,先輩キラー衣装
jk,1,JK
vermillion_knight,1,バーミリオンナイト
festival_outfit,1,祭り衣装
puniru_wa_kawaii_slime,1,プニルはかわいいスライム
element,1,エレメント
bear,1,熊
lvi,1,LVI
karaage_bou,1,唐揚げ棒
swimsuit_of_perpetual_summer_ver.02,1,常夏水着Ver.02
moto,1,モト
sen_to_chihiro_no_kamikakushi,1,千と千尋の神隠し
pacific_rim,1,パシフィック・リム
snk,1,進撃の巨人
jigokuraku,1,地獄楽
monster_hunter_wilds,1,モンスターハンター ワイルズ
standby_mode,1,スタンバイモード
summer_miss_elf,1,サマーミスエルフ
entity,1,エンティティ
scabbard,1,鞘
ponyo,1,ポニョ
shout_in_crisis,1,危機の叫び
christmas_mode,1,クリスマスモード
furi_furi_bunny_dress,1,ふりふりバニードレス
emerald_on_the_waves,1,波上のエメラルド
bad,1,悪
saikin_yatotta_maid_ga_ayashii,1,最近雇ったメイドが怪しい
breath_of_fire_ii,1,ブレス オブ ファイア II
log_horizon,1,ログ・ホライズン
dragon_ball_z,1,ドラゴンボールZ
star_ocean,1,スターオーシャン
twinkling_bunny,1,きらめくバニー
jade_knight,1,ジェイドナイト
nejikirio,1,ねじきりお
monsterverse,1,モンスターバース
black_clover,1,ブラッククローバー
symphony_regalia,1,シンフォニーレガリア
osiimi,1,おしいみ
tsugumomo,1,つぐもも
natsuiro_matsuri,1,夏色祭り
kuzuha,1,クズハ
re:creators,1,Re:CREATORS
dq7,1,ドラゴンクエストVII
top_wo_nerae_2!,1,トップをねらえ2!
axe,1,斧
fire_emblem_gaiden,1,ファイアーエムブレム外伝
department_store,1,デパート
pose,1,ポーズ
imagesdawn,1,イメージズドーン
old,1,古い
morning_star_of_love_and_hope,1,愛と希望の明けの明星
splatoon_3,1,スプラトゥーン3
dororo,1,どろろ
platform,1,プラットフォーム
nes,1,ファミコン
punk_rock,1,パンクロック
black_shadow,1,ブラックシャドウ
sororal_wings,1,姉妹の翼
maiden_lily's_radiance,1,乙女ユリの輝き
himouto!_umaru-chan,1,干物妹!うまるちゃん
medical_rabbit,1,医療ウサギ
timeless_classics,1,タイムレスクラシック
fallen_rosemary,1,堕ちたローズマリー
stacia,1,スタシア
mob_psycho_100,1,モブサイコ100
metaphor:_refantazio,1,メタファー:リファンタジオ
nintendo,1,任天堂
the_conquered_unhulde,1,征服されたアンフルデ
torriet,1,トリエット
kankin_jk,1,監禁JK
waitress,1,ウェイトレス
light_novel,1,ライトノベル
fate/samurai_remnant,1,Fate/サムライ レムナント
toxic_rabbit,1,トキシックラビット
amane_kanata,1,天音かなた
shine_of_love,1,愛の輝き
oneshot,1,ワンショット
lokulo_no_mawashimono,1,ロクロの回し者
artemis,1,アルテミス
plant,1,植物
creepypasta,1,クリーピーパスタ
fma,1,鋼の錬金術師
rain_code,1,レインコード
nonsense_red,1,ナンセンスレッド
hopping_vitamin_heart,1,ホッピングビタミンハート
valkyrie_bladestrike,1,ヴァルキリーブレードストライク
k-on!,1,けいおん!
karutamo,1,カルタモ
lightning_form,1,ライトニングフォーム
nyantcha,1,ニャンチャ
oriental_suit,1,オリエンタルスーツ
tsukuyomi,1,月読
chaesu,1,チャエス
stephen_king,1,スティーヴン・キング
xenoblade_2,1,ゼノブレイド2
royal_brand,1,ロイヤルブランド
houkago_play,1,放課後プレイ
taimanin_murasaki,1,対魔忍ムラサキ
exceed_mode,1,エクシードモード
fleuron_of_the_waves,1,波のフルーロン
morihito,1,森人
1979,1,1979年
maplestory,1,メイプルストーリー
dreams_of_the_hazy_moon,1,朧月の夢
kirome,1,キロメ
black_ace,1,ブラックエース
idolmaster_anime,1,アイドルマスター
wonderland_bunny,1,ワンダーランドバニー
maitetsu,1,舞鉄
akchu,1,アクチュ
miracle_magical_girl,1,ミラクル魔法少女
ff9,1,ファイナルファンタジーIX
hometown_zest,1,ホームタウンゼスト
vehicle,1,乗り物
killer_wife,1,キラーワイフ
itou_life,1,伊藤ライフ
ejami,1,エジャミ
spear,1,槍
nekojira,1,ネコジラ
vnd,1,VND
school_romanza,1,スクールロマンザ
youjitsu,1,よう実
chiffon_ribbon_mummy,1,シフォンリボンミイラ
bb_shot!,1,BBショット!
impulse_form,1,インパルスフォーム
mino,1,ミノ
good,1,グッド
xenogears,1,ゼノギアス
nausicaa,1,ナウシカ
dressed_to_impress,1,ドレスドゥインプレス
some1else45,1,サム1エルス45
bofuri,1,痛いのは嫌なので防御力に極振りしたいと思います。
day-off_date,1,休日デート
respawn,1,リスポーン
jourd4n,1,ジョード4ン
enarane,1,エナラネ
fft,1,ファイナルファンタジータクティクス
ibuki_notsu,1,伊吹ノツ
summery_date!,1,夏っぽいデート!
another_world,1,アナザーワールド
quiet_azure,1,静寂の蒼
relaxation_consultation,1,リラックス相談
moonlit_chrome,1,月光クロム
lansane,1,ランサネ
mecha,1,メカ
innocent_days,1,イノセントデイズ
cordial_cornflower,1,コーディアルコーンフラワー
deino,1,デイノ
gaming_casual,1,ゲーミングカジュアル
atlus_character,1,アトラスキャラクター
wakatanka4,1,ワカタンカ4
machine_gun,1,機関銃
nukunuku_nigirimeshi,1,ぬくぬくおにぎり
debris,1,デブリ
1987,1,1987年
dr._stone,1,ドクターストーン
raita,1,ライタ
tantei_wa_mou_shindeiru,1,探偵はもう死んでいる
elfen_lied,1,エルフェンリート
bloodstained,1,ブラッドステインド
the_gift_of_spring,1,春の贈り物
hunter_x_hunter,1,ハンターハンター
stone,1,ストーン
bound,1,バウンド
dreamy_white_sands,1,夢見る白砂
paper_mario,1,ペーパーマリオ
voiceroid,1,ボイスロイド
kindatsu,1,近打術
archie_comics,1,アーチーコミックス
kenjaku,1,健次郎
jojolion,1,ジョジョリオン
mahou_girls_precure!,1,魔法少女プリキュア!
sable_mage,1,セーブルメイジ
dq6,1,ドラゴンクエストVI
goldfish_scoop,1,金魚すくい
flame_sakitama,1,炎のサキタマ
ff16,1,ファイナルファンタジーXVI
a.i._games,1,AI ゲーム
tetto,1,テット
palatinus_equinox,1,パラティヌス・エクイノックス
beachside_urd,1,ビーチサイド・ウルド
yurucamp,1,ゆるキャン△
stalk,1,ストーク
chic_ocean,1,シックオーシャン
animare,1,アニマーレ
end_of_sky,1,空の果て
golden_dragon_among_auspicious_clouds,1,吉祥雲中の金龍
heat_beating_summer_sacrament,1,熱打つ夏の秘蹟
babalilo,1,ババリロ
koihime_musou,1,恋姫†無双
sakutsuki_ma_cherie,1,桜月 Ma Chérie
hayate_no_gotoku!,1,ハヤテのごとく!
anniversary_2021,1,2021周年記念
summer_sucre,1,サマー・シュクレ
dragalia_lost,1,ドラガリアロスト
isekai_ojisan,1,異世界おじさん
free!,1,Free!
sennen_sensou_aigis,1,千年戦争アイギス
chaldea_combat_uniform,1,カルデア戦闘服
otome,1,乙女
knight_moonbeam,1,ナイト・ムーンビーム
dq,1,ドラゴンクエスト
hershe,1,ハーシェ
komone_ushio,1,小紫音潮
gunslinger_girl,1,ガンスリンガー・ガール
all_night_charge,1,オールナイトチャージ
"shepherd_of_the_""lost""",1,失われし者の羊飼い
super_cub,1,スーパーカブ
lk,1,LK
ssss,1,SSSS
dohna_dohna,1,ドーナドーナ
sora_no_method,1,そらのメソッド
ff1,1,ファイナルファンタジーI
azuma_shino,1,東 篠
anxious_bisque_doll,1,不安なビスクドール
ueno-san_wa_bukiyou,1,上野さんは不器用
midnight,1,ミッドナイト
genjitsu_no_yohane,1,現実のヨハネ
the_wind's_true_name,1,風の真の名前
mahoujin_guruguru,1,魔法陣グルグル
sleepy_sunday,1,眠りの日曜日
aldehyde,1,アルデヒド
yellow,1,イエロー
nanashi_mumei,1,ナナシ・ムメイ
kurojill,1,クロジル
paradise_amaryllis,1,パラダイス・アマリリス
spring_exalt,1,春の高揚
summer_offensive?,1,夏の攻勢?
4shi,1,4し
striker_fulminata,1,ストライカー・フルミナータ
yama_no_susume,1,ヤマノススメ
adult,1,大人
symphonic_fate,1,シンフォニック・フェイト
bioshock_infinite,1,バイオショック インフィニット
panda,1,パンダ
hurukku,1,フルック
gj-bu,1,GJ部
loisirs_balneaires,1,ロワジール・バルネール
uramakaron,1,裏マカロン
wending_waters_serene_lotus,1,蓮華の静寂
ominaeshi,1,女郎花
infinote,1,インフィノート
agnes_tachyon,1,アグネス・タキオン
akira,1,AKIRA
hoshi_san_3,1,星さん3
brown_dust,1,ブラウンダスト
mikumikudance,1,ミクミクダンス
arifureta,1,ありふれた職業で世界最強
aggressor_mode,1,アグレッサーモード
lonely_girl_ni_sakaraenai,1,孤独な少女に逆らえない
komi-san_wa_komyushou_desu,1,古見さんは、コミュ症です。
malberrybush,1,マルベリーブッシュ
xenoblade_x,1,ゼノブレイドX
ssss.gridman,1,SSSS.GRIDMAN
summer_cicada,1,夏の蝉
ganbare_goemon,1,がんばれゴエモン
a_sobriquet_under_shade,1,陰の二つ名
niconico,1,ニコニコ
standby_form,1,待機形態
mercredi_at_the_secret_base,1,秘密基地のメルクレディ
taimanin_asagi,1,対魔忍アサギ
locker_room_lechery,1,ロッカー室の好色
iridescent_rosa,1,虹色ローザ
steel_rose,1,鋼のバラ
asobi_ni_iku_yo!,1,遊びに行こう!
valkyrie_gloria,1,ヴァルキリーグロリア
sacred_mode,1,聖なるモード
peaceful_daily_life,1,平穏な日常
rinrinne,1,りんりんね
midday,1,昼間
dq8,1,ドラゴンクエストVIII
pomu_rainpuff,1,ポムラインパフ
lostlands_flowering,1,失われた大地の開花
wind_catcher,1,風のキャッチャー
2015,1,2015年
girl's_sunday,1,女の子の日曜日
profusion_of_flowers,1,花の豊かさ
module,1,モジュール
arcane,1,秘密
solus,1,ソルス
hundredburger,1,百バーガー
everlasting_killing_stone,1,永遠の殺生石
ff7,1,ファイナルファンタジーVII
date_in_the_snow,1,雪の中のデート
makeup,1,メイク
eroe,1,エロエ
the_bound_cruiser,1,縛られた巡洋艦
video_game,1,ビデオゲーム
takane_lui,1,高嶺ルイ
crimson_impulse,1,深紅の衝動
porcelain,1,磁器
taste,1,味わい
orange_juice,1,オレンジジュース
akame_ga_kill!,1,アカメが斬る!
wataame27,1,わたあめ27
quiz_magic_academy,1,クイズマジックアカデミー
cv-16,1,CV-16
tengoku_daimakyou,1,天国大魔境
divine_prayer,1,神聖な祈り
suit,1,スーツ
summer_vacation,1,夏休み
circle,1,サークル
tiger_&_bunny,1,タイガー&バニー
beach_picnic!,1,ビーチピクニック!
shimmering_forsythia,1,きらめく連翹
sexy_madoka,1,セクシー魔法少女まどか
breath_of_fire_iv,1,ブレス オブ ファイア IV
bungou_stray_dogs,1,文豪ストレイドッグス
2006,1,2006年
classic_vacation,1,古典的な休暇
plastic_memories,1,プラスティック・メモリーズ
lightning_empress,1,雷の女帝
ballroom_interlude,1,舞踏室の幕間
biggest_little_cheerleader,1,最高の小さなチアリーダー
yuunama,1,ゆうなま
midsummer_leisure,1,真夏の余暇
iron_blood's_dragon_maid,1,鉄血のドラゴンメイド
7th_costume,1,7番目の衣装
ganesagi,1,ガネサギ
dq10,1,ドラゴンクエストX
true_ether_chaldea_uniform,1,真のエーテル・カルデア制服
gits,1,攻殻機動隊
dokidoki_sister_aoi-chan,1,ドキドキ妹葵ちゃん
the_flower_of_la_spezia,1,ラ・スペツィアの花
dark,1,ダーク
op._manta_ray,1,作戦・マンタレイ
uchuu_senkan_yamato,1,宇宙戦艦ヤマト
faction,1,派閥
reku,1,レク
pokemon_heroes,1,ポケモン・ザ・ムービー
kamen_rider_01,1,仮面ライダー01
machine-doll,1,機械仕掛けの人形
morino_donguri,1,森の栗
danzai_spectramancer,1,断罪スペクトラマンサー
new,1,新作
future_market,1,未来市場
t,1,T
pink_mermaid,1,ピンクマーメイド
roshin_yuukai/hard_rkmix,1,浪心幽怪/Hard RKmix
lovely_jiangshi,1,ラブリー僵尸
korvatunturi_pixie,1,コルヴァトゥントゥリ妖精
saury_festival,1,秋刀魚祭り
innocent_grey,1,イノセント・グレイ
sbr,1,スティール・ボール・ラン
vestibule_of_wonders,1,驚異の前庭
nadia,1,ナディア
sunshine,1,サンシャイン
lostbelt_beast:iv,1,ロストベルト・ビースト:Ⅳ
sixth_serenade,1,第六セレナーデ
beyond_the_horizon,1,地平線の彼方へ
shouki_no_kami,1,瘴気の神
bravely_default,1,ブレイブリー・デフォルト
drifters,1,ドリフターズ
beast_iii/l,1,ビースト Ⅲ/L
mondaiji,1,問題児
yoasobi,1,ヨアソビ
muse_dash,1,ミューズダッシュ
valkyrie_quicksand,1,ヴァルキューレ流砂
metal_slug,1,メタルスラッグ
little_witch_nobeta,1,リトルウィッチノベタ
samurai_champloo,1,サムライチャンプルー
sengoku_collection,1,戦国コレクション
snail,1,スネイル
kemurikusa,1,ケムリクサ
maid_knight,1,メイドナイト
2020,1,2020年
jibaku_shounen_hanako-kun,1,自縛少年花子くん
live_a_hero,1,ライブ・ア・ヒーロー
mazohaha,1,マゾハハ
ramchi,1,ラムチ
infinite_stratos,1,インフィニット・ストラトス
canaan,1,カナン
mahjong_soul,1,麻雀魂
bdsm,1,BDSM
the_legend_of_luoxiaohei,1,羅小黒戦記
god_of_war,1,ゴッド・オブ・ウォー
nii_manabu,1,新井学
djmax,1,DJMax
mg,1,MG
silverfox442,1,シルバーフォックス442
alluring_chief_warden_look,1,魅惑の獄長の眼差し
devil_in_the_moonlight,1,月光の悪魔
private_apres_midi,1,プライベート・アプレミディ
holy_knight's_resplendence,1,聖騎士の輝き
doukutsu_monogatari,1,洞窟物語
sound_voltex,1,サウンドヴォルテックス
rebellious_summer,1,反抗的な夏
majo_to_hyakkihei,1,魔女と百鬼兵
starlight,1,スターライト
ender_lilies,1,エンダーリリーズ
chaldea_lifesavers,1,カルデア救命隊
blissful_service,1,至福のサービス
terraria,1,テラリア
glock23,1,グロック23
fairy_tail,1,フェアリーテイル
yagisaka_seto,1,八木坂瀬戸
reimu_endou,1,霊夢遠藤
.live,1,.live
twilight_paladin,1,トワイライトパラディン
love_and_deepspace,1,ラブ・アンド・ディープスペース
squid_game,1,イカゲーム
heartcatch_precure!,1,ハートキャッチプリキュア!
escape_queen,1,エスケープクイーン
the_purple_rabbit's_marksmanship,1,紫兎の射撃術
reno_bunnino,1,レノ・バニーノ
futagohime,1,ふたご姫
beacon_of_the_iron_blood,1,鉄血の灯火
pillowed_counseling,1,枕カウンセリング
guilty_crown,1,ギルティクラウン
sojourn_through_clear_seas,1,清海の旅路
gibson,1,ギブソン
bright_knight:_excelsis,1,ブライトナイト:エクセルシス
stand,1,スタンド
magipoka,1,まじぽか
fervent_tempo,1,熱烈なテンポ
coat_of_arms,1,紋章
white_sand_paradise,1,白砂の楽園
jsr,1,ジェットセットラジオ
basketball,1,バスケットボール
mochiyuki,1,もちゆき
kamisama_ni_natta_hi,1,神様になった日
rabbit_of_paradise,1,楽園のウサギ
world_flipper,1,ワールドフリッパー
arcaea,1,アルカエア
rabi-ribi,1,ラビ=ラビ
inakon,1,いなこん
tower_of_fantasy,1,幻塔
bionicle,1,バイオニクル
momotarou_densetsu,1,桃太郎伝説
iyowa,1,いよわ
ayuma_sayu,1,アユマサユ
ninja_gaiden,1,忍者ガイデン
dragon's_dogma,1,ドラゴンズドグマ
monster_hunter,1,モンスターハンター
samidare,1,五月雨
2020_summer,1,2020年夏
another_ookami_mio,1,もう一人の大神ミオ
ishiyumi,1,石ゆみ
summer_casual,1,夏カジュアル
tears_of_the_kingdom,1,ティアーズ オブ ザ キングダム
magi,1,マギ
idolmaster_cinderella_girls,1,アイドルマスター シンデレラガールズ
tears_of_themis,1,テーミス
yokochou,1,横丁
zanber_form,1,ザンバーフォーム
onn,1,オン
doupo_cangqiong,1,斗破蒼穹
sengoku_basara,1,戦国バサラ
blame!,1,ブラム!
accel_mode,1,アクセルモード
takagi-san,1,高木さん
flowery_charms,1,花の魅力
renegade,1,レネゲード
cheerleader,1,チアリーダー
shogun_of_snowballs,1,雪玉の将軍
macross_delta,1,マクロスΔ
spring_princess,1,春の姫
ensemble_stars!,1,アンサンブルスターズ!
aikatsu!,1,アイカツ!
sunlight_bouquet,1,日光の花束
tanabata,1,七夕
hyakka_ryouran,1,百花繚乱
aquarion,1,アクエリオン
bunny_garden,1,ウサギの庭
1997_film,1,1997年映画
service_time?!,1,サービスタイム?!
liarsoft,1,ライアーソフト
sakamata_chloe,1,坂またクロエ
showy_sports_star,1,派手なスポーツスター
amaretto-no-natsu,1,アマレットの夏
udon,1,うどん
summer_hunger,1,夏の飢え
brown_dust_2,1,ブラウンダスト2
code_vein,1,コードヴェイン
machita_chima,1,町田ちま
store,1,店舗
phantom_iron,1,幻の鉄
himura_kiseki,1,氷村キセキ
lielos,1,リエロス
pungent_plum,1,香りの梅
ikkitousen,1,一騎当千
izumo,1,出雲
the_noble_attendant,1,高貴な侍女
zankuro,1,ザンクロ
sr,1,SR
queen_in_radiance,1,輝きの女王
assassin's_creed,1,アサシンクリード
wakfu,1,ワクフ
ikoku_meiro_no_croisee,1,異国迷路のクロワーゼ
assault_form,1,アサルトフォーム
race,1,レース
fresh_and_sweet,1,爽やかで甘い
kizaru,1,黄猿
shikai,1,始解
urusei_yatsura,1,うる星やつら
naomi,1,ナオミ
zero_kara_hajimeru_mahou_no_sho,1,ゼロから始まる魔法の書
ninomae_ina'nis,1,一ノ瀬伊那尼ス
hakui_koyori,1,白衣小寄
koseki_bijou,1,小関美女
yoru_mac,1,ヨルマック
yoclesh,1,ヨクレッシュ
23,1,23
anatomy,1,解剖学
bluethebone,1,ブルーザボーン
9th_costume,1,9番目の衣装
streamer,1,ストリーマー
counter:side,1,カウンターサイド
tandohark,1,タンドハーク
azure_empyrea,1,アズールエンピレア
apho,1,アフォ
phoenix,1,フェニックス
ein_immernachtstraum,1,アイン・イマーナハトシュトラウム
mao_lian,1,毛連
orchid's_evening_gown,1,蘭の夜会服
night_squire,1,夜の従士
voyage_of_feathers,1,羽の航海
identity,12,アイデンティティ
e.g.o,8,エゴ
elite_ii,6,エリートII
magical_girl,6,魔法少女
ornament,6,オーナメント
sao-alo,6,ソードアート・オンライン アルヴヘイム・オンライン
faraway,5,遠く離れた
headspace,5,ヘッドスペース
tsukumo_sana,5,九十九佐命
houtengeki,4,方天戟
beast_style,3,獣スタイル
fear_&_hunger,3,恐怖と飢え
silent_night,3,静寂の夜
summer_flower,3,夏の花
traveling_outfit,3,旅装
action,2,アクション
aidenr0,2,エイデンR0
archon,2,アルコン
asteroid_ill,2,アステロイド・イル
bloodborne,2,ブラッドボーン
ceremonial,2,儀式的
ceres_fauna,2,セレス・ファウナ
dark_souls,2,ダークソウルズ
dragon,2,竜
duck_hunt,2,ダックハント
fox,2,狐
guin_guin,2,ギンギン
gundam_suisei_no_majo,2,機動戦士ガンダム 水星の魔女
halloween,2,ハロウィン
hazakura_hinata,2,葉桜ひなた
ikeuchi_tanuma,2,池内田沼
irys,2,アイリス
jack_dempa,2,ジャック電波
lee,2,リー
light_breeze,2,そよ風
m_k,2,M・K
mignon,2,ミニョン
mouthwashing,2,マウスウォッシング
navigavi,2,ナビナビ
nerissa_ravencroft,2,ネリッサ・レイヴンクロフト
ohisashiburi,2,お久しぶり
ookami_mio,2,大神ミオ
oouso,2,大嘘
ouro_kronii,2,オーロ・クロニー
peach88,2,ピーチ88
popopoka,2,ポポポカ
prototype,2,プロトタイプ
rwby,2,RWBY
sekai_seifuku,2,世界征服
shimmer,2,シマー
sparrowl,2,スパロウル
takanashi_kiara,2,鷹嘴キアラ
tarot,2,タロット
titanfall,2,タイタンフォール
valentine,2,バレンタイン
vertigris,2,ヴェルディグリス
yakitomato,2,焼きトマト
1024,1,1024
1976_costume,1,1976年衣装
6th_costume,1,6番目衣装
7th_dragon_series,1,7th Dragon シリーズ
8th_costume,1,8番目衣装
adrift,1,漂流
aestheticc-meme,1,エステティック・ミーム
aeterna_purum,1,アエテルナ・プルム
afterschool_school_idol,1,放課後スクールアイドル
ageless_afterglow,1,永遠の余韻
agent_lop_rabbit,1,エージェント・ロップラビット
aircraft,1,航空機
airisubaka,1,アイリスバカ
akito,1,アキト
alter_ego,1,アルターエゴ
altered,1,変容
ambience_synesthesia,1,環境共感覚
amelia_watson,1,アメリア・ワトソン
american_mcgee's_alice,1,アメリカン・マクギーのアリス
anan,1,アナン
ane_naru_mono,1,姉なるもの
angel's_song,1,天使の歌
animated,1,アニメーション
aqua_iro_super_dream,1,アクアイロスーパードリーム
ar-26710,1,AR-26710
at2.,1,AT2.
atelier,1,アトリエ
automobile,1,自動車
azuumori,1,あずうもり
baallore,1,バアロア
batrobin_k,1,バットロビン_K
bayonetta,1,ベヨネッタ
bigrbear,1,ビッグアールベア
bikini,1,ビキニ
black_kitty's_gift,1,黒い子猫の贈り物
blade,1,ブレイド
blooming_summer_wallflower,1,咲き誇る夏の壁花
blossoming_starlight,1,花開く星光
blue_dress,1,青いドレス
bosshi,1,ボッシ
bottle,1,ボトル
bounty_hunter,1,賞金稼ぎ
breath_of_fire_iii,1,ブレス オブ ファイア III
breath_of_fire_v,1,ブレス オブ ファイア V
cafe-chan_to_break_time,1,カフェちゃんとブレイクタイム
call_of_duty,1,コール オブ デューティ
carriage_of_the_winds_of_time,1,時の風の馬車
caststation,1,キャストステーション
casual_vacation,1,カジュアルバケーション
cccpo,1,CCCPO
cecilia_immergreen,1,セシリア・イマーグリーン
cessa,1,セッサ
chair,1,椅子
chaldea_satellite_station,1,カルデア衛星ステーション
cheerleading,1,チアリーディング
chimera,1,キメラ
china_merchants_bank,1,中国商人銀行
chinese_lostbelt_outfit,1,中華ロストベルト衣装
cieluscian,1,シエルスキアン
class_of_09,1,クラス・オブ・09
code_geass,1,コードギアス
colorful_wonderland,1,カラフルワンダーランド
comiket_mode,1,コミケモード
cosmetics,1,化粧品
cosmic_expression,1,宇宙的表現
cougar1404,1,クーガー1404
cowboy_bebop,1,カウボーイビバップ
cowgirl,1,カウガール
crave_saga,1,クレイヴサーガ
cream,1,クリーム
crow,1,カラス
crystal_feather_dress,1,クリスタルフェザードレス
cult_of_the_lamb,1,ラムの信仰
curly,1,カーリー
cyancapsule,1,シアンカプセル
cyborg,1,サイボーグ
d&d,1,D&D
dagasi,1,駄菓子
danganronpa_2,1,ダンガンロンパ2
dead_by_daylight,1,デッド バイ デイライト
decoration,1,装飾
deemo,1,DEEMO
delusion,1,妄想
devilish_servant_against_the_splashing_waves,1,波しぶきに抗う悪魔的従者
difman,1,ディフマン
disgaea_4,1,魔界戦記ディスガイア4
disguise,1,変装
distinguished_visitor,1,著名な来客
dmfd,1,DMFD
dokibird,1,ドキバード
dq1,1,ドラゴンクエスト I
drug,1,薬物
ebihara_beniko,1,海老原紅子
ebisujima_misato,1,蛭島美里
ebonyxh,1,エボニーXH
elizabeth_rose_bloodflame,1,エリザベス・ローズ・ブラッドフレイム
emo,1,エモ
enemy,1,敵
enna_alouette,1,エンナ・アルエット
eogks,1,EOGKS
eternal's_summer_vacation,1,永遠の夏休み
everything_is_a_miracle,1,すべてが奇跡
exercise,1,運動
exhibition_attire,1,展示用衣装
expression,1,表情
fandom,1,ファンダム
fashionable,1,ファッショナブル
fenghuang_of_vicissitude,1,変転の鳳凰
fire_emblem:_three_houses,1,ファイアーエムブレム 風花雪月
fire_emblem_awakening,1,ファイアーエムブレム 覚醒
first_season,1,第1シーズン
first_year,1,1年生
fizintine,1,フィジンティーン
flcl,1,FLCL
flower_fantasista!,1,フラワーファンタジスタ!
font,1,フォント
forgemaster,1,鍛冶職人
formal_dress,1,正装
friday_night_funkin',1,Friday Night Funkin'
frostflower_dew,1,霜花の露
gavis_bettel,1,ガヴィス・ベッテル
gift_uncompleted,1,未完成の贈り物
gigi_murin,1,ギギ・ムリン
girl_from_orleans,1,オルレアンの少女
gorgeous_mushroom,1,豪華なキノコ
goth,1,ゴス
govy9807,1,govy9807
greyeth,1,グレイエス
grizz,1,グリズ
gunnhildr's_legacy,1,グンヒルドの遺産
gyarumata,1,ギャル又
haguhagu,1,はぐはぐ
hakos_baelz,1,ハコス・ベールズ
hakutaku,1,白沢
hamsterfragment,1,ハムスターフラグメント
hand_of_destiny,1,運命の手
handle,1,ハンドル
hanetsuki,1,羽根突き
hatsuzuki's,1,初月の
hayabusa,1,隼
helldivers,1,ヘルダイバー
henken,1,辺見
herbal-flavored_hard_candy,1,ハーブ味ハードキャンディ
heytea,1,喜茶
highest_bid,1,最高入札
hilda,1,ヒルダ
himemori_luna,1,姫森ルーナ
holiday,1,休日
homestuck,1,ホームスタック
hoodie,1,フーディー
hot_springs,1,温泉
iahfy,1,iahfy
image,1,画像
immoral_biker_jacket,1,不道徳なライダースジャケット
indivisible,1,インディビジブル
inuarashi,1,犬嵐
inugami_korone,1,戌神ころね
iroha_matsurika,1,色葉松莉香
ironlily,1,アイアンリリー
ishikei,1,石圭
itou,1,伊藤
jepella_rebellion,1,ジェペラの反乱
kaetzchen,1,カエッチェン
kageshio,1,影塩
kamioka_shun'ya,1,上岡俊也
kamiyoshi_rika,1,神吉莉香
kanniiepan,1,かんにぃぱん
kfc,1,KFC
kkmomo67,1,kkmomo67
koyashaka,1,こやしゃか
krr,1,KRR
kureha,1,クレハ
kureiji_ollie,1,クレイジ・オーリー
la+_darknesss,1,ラプラス・ダークネス
lady_of_the_beach,1,浜辺の貴婦人
land,1,陸地
language,1,言語
legacy,1,レガシー
legends,1,伝説
lethal_company,1,Lethal Company
letter,1,手紙
liberte_echec,1,リベルテ・エシェック
lifeguard,1,ライフガード
lingerie,1,ランジェリー
living,1,リビング
liya,1,リヤ
ll,1,LL
logo,1,ロゴ
lone_planetfarer,1,孤独な惑星放浪者
lord,1,領主
lovesick1964,1,ラブシック1964
lucia,1,ルシア
lynus,1,ライナス
maeda_koutarou,1,前田孝太郎
mafuyu,1,真冬
magatsu_mitake_narukami_no_mikoto,1,禍津御岳鳴神之命
magic_dream_costume,1,魔法の夢衣装
magical_girl_maid,1,魔法少女メイド
maiden_for_the_bright_night,1,明夜の乙女
marching_band,1,マーチングバンド
mask,1,マスク
masterpiece,1,傑作
mato_tsuyoi,1,的強い
me!me!me!,1,ミー！ミー！ミー！
mechanical,1,機械的
medic,1,衛生兵
mermaid,1,人魚
merunyaa,1,メルニャー
metroid,1,メトロイド
midnight_evangelion,1,真夜中のエヴァンゲリオン
midsummer_fruit,1,真夏の果実
miku_plus,1,ミクプラス
miles_morales,1,マイルス・モラレス
millie_parfait,1,ミリー・パルフェ
mirrored_flourishes,1,鏡映の装飾
misaka_mikoto,1,御坂美琴
miss_pink,1,ミスピンク
mleth,1,ムレス
modeling_night,1,モデリングナイト
modern_costume_of_crimson,1,紅の現代衣装
mokufuu,1,モクフウ
momo_no_sukebe,1,桃のスケベ
monaka_curl,1,最中カール
mori_calliope,1,森カリオペ
movie_1st_form,1,映画第1形態
movie_1st_mode,1,映画第1モード
murasaki_shion,1,紫シオン
nanosheep,1,ナノシープ
narcissus,1,ナルキッソス
newsgirl,1,ニュースガール
nisetanaka,1,偽田中
nohr_noble,1,ノール貴族
noodle_stopper,1,ヌードルストッパー
not-a-bot,1,ボットではない
novice_vacationer,1,初心者バケーショナー
nt00,1,NT00
obj_shep,1,オブジェクト・シェップ
obsidian,1,黒曜石
occasionally_flushed,1,時々赤面
ogami_kazuki,1,尾上和希
ohasi,1,大橋
oktoberfest_mode,1,oktoberfest_mode
oreimo,1,俺の妹がこんなに可愛いわけがない
origin,1,オリジン
orochi_cuirass,1,大蛇胸甲
os,1,OS
otf,1,OTF
otm,1,OTM
outstanding_attitude,1,傑出した態度
owl,1,フクロウ
p90,1,P90
pact_of_stars_and_moon,1,星と月の契約
pairan,1,パイラン
pajamas,1,パジャマ
palentine's_2021,1,バレンタイン2021
pastry_chef,1,ペストリーシェフ
peony,1,牡丹
phantom_in_boots,1,長靴をはいた幽霊
piercing,1,ピアス
pink_kitty_costume,1,ピンク子猫衣装
pizza_kanon,1,ピザ花音
platinum_star_dress,1,プラチナスタードレス
plegian,1,プレギア
polearm,1,槍
porforever,1,ポルフォーエバー
pro_swimmer,1,プロ水泳選手
queen_no._1,1,クイーン・ナンバー1
queen_of_winter,1,冬の女王
radiant_beach,1,輝くビーチ
raigou,1,雷合
rain_prophet,1,雨の預言者
rain_witch,1,雨の魔女
rainy_springtide,1,雨の春潮
rayearth,1,魔法騎士レイアース
red_dead_of_night,1,赤い夜の死
red_dress,1,赤いドレス
red_shine,1,赤い輝き
refined_dress,1,洗練されたドレス
refined_horrormare,1,洗練されたホラーメア
renate,1,レナーテ
retro_doki,1,レトロドキ
ri-net,1,リーネット
ricegnat,1,ライスグナット
riding,1,乗馬
rob_ishi,1,ロブ・イシ
ronin_huntress,1,浪人狩人
rustic_noir,1,素朴なノワール
sailing,1,帆走
sakuno_rondo,1,桜野ロンド
sangria_succulent,1,サングリア多肉
sardegnian_shallows_and_sunshine,1,サルデーニャの浅瀬と日差し
savior,1,救世主
schicksal's_imperative,1,シクザールの命令
school_festival,1,学園祭
scott_malin,1,スコット・マリン
sculpture,1,彫刻
seaside_dragon,1,海辺の竜
second_year,1,二年生
selenic_ripples,1,月光の波紋
sesame_cake,1,ゴマケーキ
sexual,1,性的
sg,1,SG
shadow_knight,1,影の騎士
she-ra,1,シーラ
sheriff,1,保安官
shiba_investigator,1,柴調査官
shiori_novella,1,栞ノベラ
shiroki_yuutsu,1,白き憂鬱
shrine_maiden,1,巫女
silent_rouge,1,静寂のルージュ
sky_empress,1,空の女帝
skyline,1,スカイライン
slay_the_princess,1,姫を斬る
slugbox,1,スラッグボックス
software,1,ソフトウェア
solo,1,ソロ
song,1,歌
specktech,1,スペックテック
spellbreaker,1,呪い破り
sport_for_all,1,万人のためのスポーツ
spring_2021,1,春2021
spring_mode,1,春モード
spring_praise,1,春の賛美
starchasm_nyx,1,星淵ニュクス
starry_impression,1,星々の印象
starseeker,1,星を求める者
stellar_into_the_galaxy,1,星河へ
strawberry_sweet,1,イチゴスウィート
sub-res,1,サブレス
sublimation,1,昇華
suicide_squad,1,スーサイド・スクワッド
summer_mode,1,夏モード
summering_scion,1,夏の嫡出子
sunaba_suzume,1,砂場雀
sunburn,1,日焼け
suzutsuki's,1,鈴月の
sweethex,1,スウィートヘックス
taixuan_impression,1,太玄の印象
takayama_toshinori,1,高山敏則
talkex,1,トークエックス
tallman,1,トールマン
teal_mask,1,ティールマスク
telepurte,1,テレパルテ
teruzuki's,1,てるづきの
the_atko,1,ザ・アトコ
the_girl_from_b.e.l,1,ザ・ガール・フロム・ビーイーエル
the_heart's_desire,1,ザ・ハーツ・デザイア
the_last_of_us,1,ラスト・オブ・アス
the_law,1,ザ・ロー
the_next_afternoon_tea,1,ザ・ネクスト・アフタヌーン・ティー
thief,1,シーフ
tiny_evil,1,タイニー・イービル
togutogu,1,とぐとぐ
topic,1,トピック
touch_the_stars,1,タッチ・ザ・スターズ
trash_cake,1,トラッシュ・ケーキ
tropical_beauty,1,トロピカル・ビューティ
true,1,トゥルー
true_form,1,トゥルー・フォーム
tsukiman,1,月人
tsurunoka,1,鶴ノ岡
tv_series,1,テレビシリーズ
twrlare,1,ツウィアレ
uenomigi,1,上野右
umbrella,1,アンブレラ
under_a_veil,1,アンダー・ア・ベール
unfettered,1,アンフェタード
unfettered_freedom,1,アンフェタード・フリーダム
uruha_rushia,1,潤羽るしあ
usashiro_mani,1,ウサシロ・マニ
v3_megpoid,1,V3 メグッポイド
valentine_mode,1,バレンタイン・モード
valkyrie_accipiter,1,ワルキューレ・アッキピター
valkyrie_chariot,1,ワルキューレ・チャリオット
valkyrie_pledge,1,ワルキューレ・プレッジ
valkyrie_ranger,1,ワルキューレ・レンジャー
vanilla_cream,1,バニラ・クリーム
verdant_night,1,ヴァーダント・ナイト
vessel,1,ヴェッセル
wanted,1,ウォンテッド
warhammer,1,ウォーハンマー
watson_amelia,1,ワトソン・アメリア
waverider,1,ウェーブライダー
wendy's,1,ウェンディーズ
white-stew,1,ホワイト・シチュー
white_bunny,1,ホワイト・バニー
willpower,1,ウィルパワー
winged_egg_crown_costume,1,ウィングド・エッグ・クラウン・コスチューム
winter_messenger,1,ウィンター・メッセンジャー
winter_owner,1,ウィンター・オーナー
wokada,1,ウォカダ
wolf,1,ウルフ
wolf's_dawn,1,ウルフス・ドーン
wow,1,ワウ
xiujia_yihuizi,1,シウジア・イーフイズ
yakihebi,1,焼きヘビ
yamibou,1,闇坊
yewang19,1,イェワン19
yoako,1,ヨアコ
youkai_watch,1,妖怪ウォッチ
youtube,1,ユーチューブ
yu-gi-oh!_gx,1,遊戯王GX
yukibare,1,ユキバレ
yuyuki000,1,ユユキ000
zana,1,ザナ
